{"prefix": {"roocs": "urn:roocs:", "provone": "https://purl.dataone.org/provone/2015/01/15/ontology#", "dcterms": "http://purl.org/dc/terms/"}, "agent": {"roocs:C3S_CDS": {"prov:type": {"$": "prov:Organization", "type": "prov:QUALIFIED_NAME"}, "prov:label": "Copernicus Climate Data Store", "dcterms:source": "https://cds.climate.copernicus.eu"}, "roocs:Provider": {"prov:type": {"$": "prov:Agent", "type": "prov:QUALIFIED_NAME"}, "prov:label": "Provider", "dcterms:source": "Rook"}, "roocs:rook_v0.17.1": {"prov:type": {"$": "prov:SoftwareAgent", "type": "prov:QUALIFIED_NAME"}, "prov:label": "Rook", "dcterms:source": "https://github.com/roocs/rook/releases/tag/v0.17.1"}, "roocs:clisops_v0.16.1": {"prov:type": {"$": "prov:SoftwareAgent", "type": "prov:QUALIFIED_NAME"}, "prov:label": "clisops", "dcterms:source": "https://github.com/roocs/clisops/releases/tag/v0.16.1"}}, "wasAttributedTo": {"_:id1": {"prov:entity": "roocs:rook_v0.17.1", "prov:agent": "roocs:C3S_CDS"}, "_:id2": {"prov:entity": "roocs:rook_v0.17.1", "prov:agent": "roocs:Provider"}}, "entity": {"roocs:workflow_57e04c8a-7feb-437a-a019-ad98b02d62ea": {"prov:type": {"$": "provone:Workflow", "type": "prov:QUALIFIED_NAME"}}, "roocs:c3s-cmip6.ScenarioMIP.INM.INM-CM5-0.ssp585.r1i1p1f1.Amon.ta.gr1.v20190724": {"prov:type": {"$": "provone:Data", "type": "prov:QUALIFIED_NAME"}, "prov:label": "c3s-cmip6.ScenarioMIP.INM.INM-CM5-0.ssp585.r1i1p1f1.Amon.ta.gr1.v20190724"}, "roocs:ta_Amon_INM-CM5-0_ssp585_r1i1p1f1_gr1_20250116-20491216.nc": {"prov:type": {"$": "provone:Data", "type": "prov:QUALIFIED_NAME"}, "prov:label": "ta_Amon_INM-CM5-0_ssp585_r1i1p1f1_gr1_20250116-20491216.nc"}}, "activity": {"roocs:orchestrate_57e04c8a-7feb-437a-a019-ad98b02d62ea": {"prov:type": {"$": "provone:Execution", "type": "prov:QUALIFIED_NAME"}, "prov:label": "orchestrate", "prov:startTime": "2025-05-16T15:56:42", "prov:endTime": "2025-05-16T15:56:53"}, "roocs:subset_ta_1_e49a1fb8-7bbe-427d-a28d-ee16198c712a": {"prov:type": {"$": "provone:Execution", "type": "prov:QUALIFIED_NAME"}, "prov:label": "subset_ta_1", "roocs:time": "2025/2049", "roocs:time_components": "year:2025,2026,2027,2028,2029,2030,2031,2032,2033,2034,2035,2036,2037,2038,2039,2040,2041,2042,2043,2044,2045,2046,2047,2048,2049", "roocs:area": "-180,-90,180,90", "roocs:level": "100000", "roocs:apply_fixes": false}}, "wasAssociatedWith": {"_:id3": {"prov:activity": "roocs:orchestrate_57e04c8a-7feb-437a-a019-ad98b02d62ea", "prov:agent": "roocs:rook_v0.17.1", "prov:plan": "roocs:workflow_57e04c8a-7feb-437a-a019-ad98b02d62ea"}, "_:id4": {"prov:activity": "roocs:subset_ta_1_e49a1fb8-7bbe-427d-a28d-ee16198c712a", "prov:agent": "roocs:clisops_v0.16.1", "prov:plan": "roocs:workflow_57e04c8a-7feb-437a-a019-ad98b02d62ea"}}, "wasDerivedFrom": {"_:id5": {"prov:generatedEntity": "roocs:ta_Amon_INM-CM5-0_ssp585_r1i1p1f1_gr1_20250116-20491216.nc", "prov:usedEntity": "roocs:c3s-cmip6.ScenarioMIP.INM.INM-CM5-0.ssp585.r1i1p1f1.Amon.ta.gr1.v20190724", "prov:activity": "roocs:subset_ta_1_e49a1fb8-7bbe-427d-a28d-ee16198c712a"}}}